Bluesky Communications,@psms.bluesky.as,AS
CTI Movil,@sms.ctimovil.com.ar,AR
Movistar,@sms.movistar.net.ar,AR
Nextel,@TwoWay.11nextel.net.ar,AR
Personal,@alertas.personal.com.ar,AR
Setar,297@mas.aw,AW
Optus Mobile,0@optusmobile.com.au,AU
Telstra,@online.telstra.com.au,AU
MaxMobil,@maxmail.at,AT
One Connect,@onemail.at,AT
T-Mobile,43@sms.t-mobile.at,AT
MTS,@sms.mts.by,BV
Mobistar,@mobistar.be,BE
Mobility,@ml.bm,BM
BH Mobile (BH Telecom),387@sms.bhmobile.ba,BA
Claro,@clarotorpedo.com.br,BR
Nextel,@nextel.com.br,BR
Globul,359@sms.globul.bg,BG
Mtel,35988@sms.mtel.net,BG
Vivacom,359'@sms.vivacom.bg,BG
Bell,@txt.bell.ca,CA
Bell Mobility,@txt.bellmobility.ca,CA
Koodo Mobile,@msg.koodomobile.com,CA
Fido (Microcell),@fido.ca,CA
Manitoba Telecom Systems,@text.mtsmobility.com,CA
NBTel,@wirefree.informe.ca,CA
PageNet,@pagegate.pagenet.ca,CA
Rogers,@pcs.rogers.com,CA
Sasktel,@sms.sasktel.com,CA
Telus,@msg.telus.com,CA
Virgin Mobile,@vmobile.ca,CA
Bell South,@bellsouth.cl,CL
China Mobile,@139.com,CN
Comcel,@comcel.com.co,CO
Movistar,@movistar.com.co,CO
Tigo,@sms.colombiamovil.com.co,CO
ICE,@ice.cr,CR
T-Mobile,385@sms.t-mobile.hr,HR
Eurotel,+ccaa@@sms.eurotel.cz,CZ
O2,00420@sms.cz.o2.com,CZ
Oskar,@mujoskar.cz,CZ
Sonofon,@note.sonofon.dk,DK
Tele Danmark Mobil,@sms.tdk.dk,DK
Telia Denmark,@gsm1800.telia.dk,DK
Digicel,@digitextdm.com,DM
Claro Codetel,@claro.net.do,DO
Tricom,@movil.tricom.net,DO
EMT,@sms.emt.ee,EE
Orange,@orange.fr,FR
SFR,@sfr.fr,FR
Georgia geocell,0@sms.ge,GE
E-Plus,0@sms@eplus.de,DE
Mobilis,0@mobilis.de,DE
Mannesmann Mobilefunk,@d2-message.de,DE
O2,0@o2online.de,DE
Simyo,@eplus.de,DE
T-Mobile,+49@t-d1-sms.de,DE
Vodafone,0@vodafone-sms.de,DE
CSL,@mgw.mmsc1.hkcsl.com,HK
PGSM,36@sms.pgsm.hu,HU
OgVodafone,@sms.is,IS
Siminn,@box.is,IS
Aircel,@aircel.co.in,IN
AirTel,91@airtelmail.com,IN
AirTel Tamil Nadu,91@airtelmobile.com,IN
BPL mobile,@bplmobile.com,IN
Chennai Skycell / Airtel,91@airtelchennai.com,IN
Idea Cellular,@ideacellular.net,IN
Meteor,@mms.mymeteor.ie,IE
Cellcom,@cellcom.co.il,IL
Israel Orange IL,@shiny.co.il,IL
Spikko,@spikosms.com,IL
Omnitel,0@mail.omnitel.it,IT
Telecom Italia Mobile,0@timnet.com,IT
Vodafone,@sms.vodafone.it,IT
Vodafone Omnitel,@vizzavi.it,IT
Wind,@txt.windmobile.it,IT
Digicel,1876@digitextjm.com,JM
AU by KDDI,@ezweb.ne.jp,JP
NTT DoCoMo,@docomo.ne.jp,JP
Vodafone Chuugoku/Western,@n.vodafone.ne.jp,JP
Vodafone Hokkaido,@d.vodafone.ne.jp,JP
Vodafone Hokuriko/Central North,@r.vodafone.ne.jp,JP
Vodafone Kansai/West Osaka,@k.vodafone.ne.jp,JP
Vodafone Kanto/Koushin/East Tokyo,@t.vodafone.ne.jp,JP
Vodafone Kyuushu/Okinawa,@q.vodafone.ne.jp,JP
Vodafone Shikoku,@s.vodafone.ne.jp,JP
Vodafone Touhoku/Niigata/North,@h.vodafone.ne.jp,JP
Vodafone Toukai/Central,@c.vodafone.ne.jp,JP
Willcom,@pdx.ne.jp,JP
Willcom di,@di.pdx.ne.jp,JP
Willcom dj,@dj.pdx.ne.jp,JP
Willcom dk,@dk.pdx.ne.jp,JP
Bite,371@biteplus.lv,LV
Kyivstar,@smsmail.lmt.lv,LV
LMT,@sms.lmt.lv,LV
Tele2,371@sms.tele2.lv,LV
Cellis / LibanCell,961@ens.jinny.com.lb,LB
Bite GSM,@sms.bite.lt,LT
P&T Luxembourg,@sms.luxgsm.lu,LU
Celcom,0@sms.celcom.com.my,MY
Emtel,@emtelworld.net,MU
Nextel,@msgnextel.com.mx,MX
Iusacell,@rek2.com.mx,MX
Telcel(America Movil),@itelcel.com,MX
Ncell (Mero Mobile),+977@sms.ncell.com.np,NP
Dutchtone / Orange-NL,0@sms.orange.nl,NL
T-Mobile,31@gin.nl,NL
Telecom New Zealand,@etxt.co.nz,NZ
Vodafone,@mtxt.co.nz,NZ
Claro,@ideasclaro-ca.com,NI
Netcom,@sms.netcom.no,NO
Telenor,@mobilpost.no,NO
Telenor 2,@gsm-tekst.telemax.no,NO
Mobilink,@mobilinkgsm.com,PK
Warid,@waridtel.com,PK
ZONG,@zongsms.pk,PK
Cable and Wireless,@cwmovil.com,PA
Orange Polska,@orange.pl,PL
Plus GSM,+48@text.plusgsm.pl,PL
Optimus,@sms.optimus.pt,PT
Telcel (TMN),@sms.telecel.pt,PT
Claro,@vtexto.com,PR
Open Mobile,@email.openmobilepr.com,PR
AKOS,+7@sms.akos.ru,RU
BaikalWestCom,@sms.bwc.ru,RU
BeeLine GSM,7@sms.beemail.ru,RU
Megafon Center,7@sms.megafoncenter.ru,RU
Megafon Volga,7@sms.mgsm.ru,RU
MTS,7@sms.mts.ru,RU
Personal Communication,@sms@pcom.ru,RU
Primtel,@sms.primtel.ru,RU
SCS-900,@scs-900.ru,RU
SMARTS,7@penza-gsm.ru,RU
Uraltel,@sms.uraltel.ru,RU
Vessotel,@pager.irkutsk.ru,RU
YCC,@sms.ycc.ru,RU
MTS (064),064@gm.telekom.rs,CS
MTS (066),066@gm.telekom.rs,CS
Telenor (063),@063.telenor.rs,CS
Telenor (062),@062.telenor.rs,CS
Telenor (069),@069.telenor.rs,CS
M1,@m1.com.sg,SG
Starhub,@enterprisemessaging-starhub.com,SG
Mobitel,0@linux.mobitel.si,SK
Si Mobil,@simobil.net,SK
MTN,@sms.co.za,ZA
Vodacom,@voda.co.za,ZA
Helio,@myhelio.com,KR
Esendex,@esendex.net,ES
Telefonica(Movistar),@correo.movistar.net,ES
Vodafone,0@vodafone.es,ES
Dialog,@sms.dialog.lk,LK
Mobitel,@sms.mobitel.lk,LK
Comviq GSM,46@sms.comviq.se,SE
Europolitan,46@europolitan.se,SE
Tele2,0@sms.tele2.se,SE
Sunrise Communications,@gsm.sunrise.ch,CH
Sunrise Mobile,@mysunrise.ch,CH
Swisscom,@bluewin.ch,CH
Mobitel,@sms.co.tz,TZ
O2,44@mmail.co.uk,UK
Orange,44@orange.net,UK
T-Mobile,44@t-mobile.uk.net,UK
Vodafone,44@vodafone.net,UK
Beeline,@sms.beeline.ua,UA
Golden Telecom,@sms.goldentele.com,UA
Kyivstar(Contract Customers),380@sms.kyivstar.net,UA
Kyivstar(Prepaid Customers),380@2sms.kyivstar.net,UA
Life:),380@life.com.ua,UA
UMC,@sms.umc.com.ua,UA
Metro PCS,@mymetropcs.com,US
T-Mobile,@tmomail.net,US
Verizon Wireless,@vtext.com,US
AT&T,@txt.att.net,US
Sprint PCS,@messaging.sprintpcs.com,US
Nextel,@messaging.nextel.com,US
Cricket,@mms.cricketwireless.net,US
US Cellular,@email.uscc.net,US
Cingular (GSM),@cingularme.com,US
Cingular (TDMA),@mmode.com,US
3 River Wireless,@sms.3rivers.net,US
Advantage Communications,@advantagepaging.com,US
AirVoice,@mmode.com,US
AllTel,@message.alltel.com,US
Bell South,@sms.bellsouth.com,US
Bell South (Blackberry),@bellsouthtips.com,US
Bell South Mobility,@blsdcs.net,US
Bluegrass Cellular,@sms.bluecell.com,US
Boost Mobile,@myboostmobile.com,US
CallPlus,@mmode.com,US
Carolina Mobile Communications,@cmcpaging.com,US
Cellular One,@mobile.celloneusa.com,US
Cellular One East Coast,@phone.cellone.net,US
Cellular One PCS,@paging.cellone-sf.com,US
Cellular One South West,@swmsg.com,US
Cellular One West,@mycellone.com,US
Cellular South,@csouth1.com,US
Central Vermont Communications,@cvcpaging.com,US
CenturyTel,@messaging.centurytel.net,US
Cingular Wireless,@mobile.mycingular.net,US
Cook Paging,@cookmail.com,US
Corr Wireless Communications,@corrwireless.net,US
Dobson Communications Corporation,@mobile.dobson.net,US
Dobson-Alex Wireless / Dobson-Cellular One,@mobile.cellularone.com,US
Edge Wireless,@sms.edgewireless.com,US
Galaxy Corporation,@sendabeep.net,US
GrayLink / Porta-Phone,@epage.porta-phone.com,US
GTE,@gte.pagegate.net,US
Houston Cellular,@text.houstoncellular.net,US
Inland Cellular Telephone,@inlandlink.com,US
JSM Tele-Page,@jsmtel.com,US
Lauttamus Communication,@e-page.net,US
MCI,@pagemci.com,US
MCI Phone,@mci.com,US
Metrocall,@page.metrocall.com,US
Metrocall 2-way,@my2way.com,US
Midwest Wireless,@clearlydigital.com,US
Mobilecom PA,@page.mobilcom.net,US
Mobilfone,@page.mobilfone.com,US
Morris Wireless,@beepone.net,US
Nextel,@page.nextel.com,US
NPI Wireless,@npiwireless.com,US
Ntelos,@pcs.ntelos.com,US
Omnipoint,@omnipoint.com,US
OnlineBeep,@onlinebeep.net,US
Pacific Bell,@pacbellpcs.net,US
PageMart,@pagemart.net,US
PageOne NorthWest,@page1nw.com,US
PCS One,@pcsone.net,US
Pioneer / Enid Cellular,@msg.pioneerenidcellular.com,US
Price Communications,@mobilecell1se.com,US
ProPage,@page.propage.net,US
Public Service Cellular,@sms.pscel.com,US
Qwest,@qwestmp.com,US
RAM Page,@ram-page.com,US
Safaricom,@safaricomsms.com,US
Satelindo GSM,@satelindogsm.com,US
Simple Freedom,@text.simplefreedom.net,US
Smart Telecom,@mysmart.mymobile.ph,US
Southern LINC,@page.southernlinc.com,US
Southwestern Bell,@email.swbw.com,US
Surewest Communications,@mobile.surewest.com,US
Teletouch,@pageme.teletouch.com,US
Telus,@msg.telus.com,US
TIM,@timnet.com,US
TSR Wireless,@beep.com,US
Unicel,@utext.com,US
USA Mobility,@mobilecomm.net,US
Virgin Mobile,@vmobl.com,US
West Central Wireless,@sms.wcc.net,US
Western Wireless,@cellularonewest.com,US
Wyndtell,@wyndtell.com,US
Globalstar,@msg.globalstarusa.com,SAT
Iridium,@msg.iridium.com,SAT